from,to
[1765405],342901857
[346534544;328550531;341507449;339674446;331338889;330626084;320727675;327320142;325856867;269708320],1765405
[342461002],346534544
[339972561;332807285;341192206],328550531
[null],341507449
[null],339674446
[341507449;332339564;331645050],331338889
[339511288],330626084
[null],320727675
[339972561;332701312],327320142
[null],325856867
[337715305;241680979;51933974;335158907;320727675;295106086;283225565;51918033],269708320
[null],342461002
[null],339972561
[null],341192206
[343463647],332807285
[null],332339564
[null],331645050
[null],339511288
[null],332701312
[341396562;337715395],337715305
[null],241680979
[221707754],51933974
[null],335158907
[null],295106086
[null],283225565
[null],51918033
[null],343463647
[null],341396562
[null],337715395
[318814142;257592345;334906973;332852899;329135836;324453540],221707754
[null],318814142
[341369419;334906730],257592345
[null],334906973
[343959811],332852899
[null],329135836
[332852899],324453540
[null],341369419
[null],334906730
[null],343959811